index_name,name,n,na,v0,g100,low,q1,median,q3,high,type
IAG0001,Brasil,5242,29,38,0,0,51.06966340777084,70.21036814425244,87.46099958792017,100,Brasil
IAG0001,Centro-Oeste,440,0,2,0,0,61.76923703737498,74.30515918063426,85.07329825372535,100,Macrorregião
IAG0001,DF,1,0,0,0,97.0410830667682,97.0410830667682,97.0410830667682,97.0410830667682,97.0410830667682,Cidade
IAG0001,GO,240,0,2,0,0,63.47718936036194,75.37692770634916,85.31888283864512,100,Cidade
IAG0001,MS,77,0,0,0,17.922235722964764,60.631877884274054,73.25206167084977,84.23477604941795,97.40525870801969,Cidade
IAG0001,MT,122,0,0,0,16.234934340708758,56.32749817037936,72.70758244201099,83.56974067543439,100,Cidade
IAG0001,Nordeste,1668,19,36,0,0,42.848539596507074,60.689655172413794,78.66622702167999,100,Macrorregião
IAG0001,AL,99,1,0,0,7.581540040409224,40.58695932981249,56.97387625090431,75.30495027803187,99.71521722052007,Cidade
IAG0001,BA,404,5,0,0,3.5145106690502455,52.49752100674732,67.93556429187842,84.68268666049136,100,Cidade
IAG0001,CE,183,3,0,0,2.418400135295112,52.63000925542106,66.5028640410327,79.30030213831103,99.88066825775657,Cidade
IAG0001,MA,179,3,18,0,0,13.867183569311164,32.10369996764235,54.461227115842085,100,Cidade
IAG0001,PB,209,1,18,0,0,37.7470427338863,50.26612446230186,64.36326052205061,100,Cidade
IAG0001,PE,177,1,0,0,1.1983223487118035,48.86112271225735,61.980145726483,76.1541885390099,100,Cidade
IAG0001,PI,181,4,0,0,2.930486142662426,32.98576298375777,51.03211548408332,65.0734235531241,100,Cidade
IAG0001,RN,161,0,0,0,1.101123595505618,53.417030567685586,65.92751638100174,80.72025467568643,100,Cidade
IAG0001,SE,75,1,0,0,19.748418526866864,79.24704518127746,91.90035579849327,98.68874671790378,99.98538025945166,Cidade
IAG0001,Norte,361,0,0,0,1.8564356435643563,32.565732943804775,52.15482420708791,71.27218620469763,100,Macrorregião
IAG0001,AC,22,0,0,0,27.001541928596843,37.938881402391495,43.22758663629391,56.04130991598102,69.87144992526159,Cidade
IAG0001,AM,51,0,0,0,4.180534543620777,34.475863895156586,45.68162964328509,72.22233294945823,100,Cidade
IAG0001,AP,16,0,0,0,3.073168025739169,32.55247347904147,43.134897667679944,59.402922765366995,66.58898305084746,Cidade
IAG0001,PA,116,0,0,0,3.955854301026433,20.519051922416686,41.07990391121879,66.73550620302007,100,Cidade
IAG0001,RO,51,0,0,0,1.8564356435643563,23.159710681733294,36.87875150060024,55.61246649536177,95.03346830840427,Cidade
IAG0001,RR,15,0,0,0,5.354829422772419,31.241499761323162,39.82225382154284,52.269243138025075,79.86628430264847,Cidade
IAG0001,TO,90,0,0,0,36.97653697653698,60.73125567745091,71.3988735511538,82.23333532723672,97.92374530316458,Cidade
IAG0001,Sudeste,1616,8,0,0,15.201839550332142,60.95753414951233,79.41014497606633,92.81487047768553,100,Macrorregião
IAG0001,ES,77,0,0,0,21.362743616860552,50.493489259351406,63.67115393273603,82.95378878678919,100,Cidade
IAG0001,MG,821,3,0,0,15.201839550332142,51.73061560471609,66.68751803130581,81.04637120675714,100,Cidade
IAG0001,RJ,92,4,0,0,20.54781355117732,70.75930112802561,83.27171514852444,94.80462467727108,100,Cidade
IAG0001,SP,626,1,0,0,24.36962101766571,83.98726621567847,92.4594279566036,97.64448096411942,100,Cidade
IAG0001,Sul,1157,2,0,0,1.0860121633362294,55.147805431350186,75.43983110485574,91.01559744047114,100,Macrorregião
IAG0001,PR,397,0,0,0,16.94652180047975,59.550062244353555,77.1425310966564,88.72896862587584,100,Cidade
IAG0001,RS,468,1,0,0,5.514864282636794,51.262152667606884,73.03752039151713,93.68970037065446,100,Cidade
IAG0001,SC,292,1,0,0,1.0860121633362294,55.58247297003666,74.99424537711961,90.91414411499795,100,Cidade
IAG0002,Brasil,5242,36,50,0,0,90.85282465346621,99.84688759097372,100,100,Brasil
IAG0002,Centro-Oeste,440,0,2,0,0,98.72521272961377,100,100,100,Macrorregião
IAG0002,DF,1,0,0,0,98.99999636150619,98.99999636150619,98.99999636150619,98.99999636150619,98.99999636150619,Cidade
IAG0002,GO,240,0,2,0,0,96.2249589079623,100,100,100,Cidade
IAG0002,MS,77,0,0,0,35.17429651406972,98.99803536345776,99.00005101780522,99.00201348157228,100,Cidade
IAG0002,MT,122,0,0,0,26.391806722689076,98.18085134060387,100,100,100,Cidade
IAG0002,Nordeste,1668,19,45,0,0,83.01075268817203,98.70967741935483,100,100,Macrorregião
IAG0002,AL,99,4,0,0,8.951832777946077,68.99896061794632,88.76631239069016,100,100,Cidade
IAG0002,BA,404,2,3,0,0,99.15991681644897,99.77751609071728,99.971345804411,100,Cidade
IAG0002,CE,183,2,3,0,0,74.09322803829758,83.21760213759092,95.33389892134286,100,Cidade
IAG0002,MA,179,4,18,0,0,31.05321605087698,61.48496240601504,92.83060008821278,100,Cidade
IAG0002,PB,209,1,18,0,0,82.85238465121057,100,100,100,Cidade
IAG0002,PE,177,1,0,0,1.183431952662722,81.51511460364671,100,100,100,Cidade
IAG0002,PI,181,4,0,0,12.380038387715931,88.05051302288871,95.56281213983866,98.32512315270935,100,Cidade
IAG0002,RN,161,0,3,0,0,88.87171561051005,100,100,100,Cidade
IAG0002,SE,75,1,0,0,68.87792397660819,100,100,100,100,Cidade
IAG0002,Norte,361,1,1,0,0,61.865747885863165,94.60651355312993,100,100,Macrorregião
IAG0002,AC,22,0,0,0,52.63880224578914,68.6317521149395,78.28458300316495,86.58292436445936,93.95889557816068,Cidade
IAG0002,AM,51,0,0,0,15.006060606060606,65.63953369400667,90.2001315418585,99.36043791807359,100,Cidade
IAG0002,AP,16,0,0,0,4.779158040027606,34.96338975809947,46.58984748994538,73.37126798290495,96.8615649183147,Cidade
IAG0002,PA,116,1,1,0,0,43.91930453029438,69.48857260969704,98.91784424548658,100,Cidade
IAG0002,RO,51,0,0,0,8.264462809917356,55.14667254945217,87.99817462731974,100,100,Cidade
IAG0002,RR,15,0,0,0,39.40677966101695,77.57414963251685,88.78095012439285,100,100,Cidade
IAG0002,TO,90,0,0,0,75.18796992481202,98.99670986504415,100,100,100,Cidade
IAG0002,Sudeste,1616,12,0,0,3.6484245439469323,90.5043229093434,98.42693208610348,100,100,Macrorregião
IAG0002,ES,77,1,0,0,59.513178741178166,91.88405708888646,99.3569384086361,100,100,Cidade
IAG0002,MG,821,6,0,0,3.6484245439469323,87.33247955711168,93.03891361405911,99.00003032637609,100,Cidade
IAG0002,RJ,92,4,0,0,28.23230950439431,88.66353900872271,97.79933693641841,100,100,Cidade
IAG0002,SP,626,1,0,0,51.23436999038154,99.8235675980591,100,100,100,Cidade
IAG0002,Sul,1157,4,2,0,0,100,100,100,100,Macrorregião
IAG0002,PR,397,0,0,0,73.960983884648,100,100,100,100,Cidade
IAG0002,RS,468,2,1,0,0,100,100,100,100,Cidade
IAG0002,SC,292,2,1,0,0,91.84831990128646,98.94871787817604,100,100,Cidade
IAG0003,Brasil,5242,85,2404,0,0,0,1.8534262880462509,34.92798353909465,100,Brasil
IAG0003,Centro-Oeste,440,1,376,0,0,0,0,0,100,Macrorregião
IAG0003,DF,1,0,0,0,41.75455170926567,41.75455170926567,41.75455170926567,41.75455170926567,41.75455170926567,Cidade
IAG0003,GO,240,1,234,0,0,0,0,0,100,Cidade
IAG0003,MS,77,0,71,0,0,0,0,0,65.97603594608088,Cidade
IAG0003,MT,122,0,71,0,0,0,0,18.354430379746837,100,Cidade
IAG0003,Nordeste,1668,29,673,0,0,0,7.000642260757868,39.58987212262592,100,Macrorregião
IAG0003,AL,99,1,19,0,0,2.861800503792932,21.252215447571732,47.482189098722856,97.5609756097561,Cidade
IAG0003,BA,404,7,108,0,0,0,19.84621017942146,49.244378916328785,100,Cidade
IAG0003,CE,183,8,16,0,0,15.058122405361226,38.54578643139641,67.02676336254325,100,Cidade
IAG0003,MA,179,2,134,0,0,0,0,0,100,Cidade
IAG0003,PB,209,1,201,0,0,0,0,0,100,Cidade
IAG0003,PE,177,4,9,0,0,3.687172520861634,12.464046021093,29.38041305796136,100,Cidade
IAG0003,PI,181,2,139,0,0,0,0,0,100,Cidade
IAG0003,RN,161,2,42,0,0,0,9.4207138677589235,27.551988714686708,100,Cidade
IAG0003,SE,75,2,5,0,0,48.54499328458439,82.61152718984044,96.36467453368863,99.9698474279856,Cidade
IAG0003,Norte,361,0,210,0,0,0,0,16.849111344076846,100,Macrorregião
IAG0003,AC,22,0,6,0,0,0.5019965772960638,7.717319388824308,21.538742019862816,62.095006090133985,Cidade
IAG0003,AM,51,0,27,0,0,0,0,31.123063217630893,100,Cidade
IAG0003,AP,16,0,6,0,0,0,23.187986269599758,34.11520287995328,100,Cidade
IAG0003,PA,116,0,66,0,0,0,0,21.518456384749,100,Cidade
IAG0003,RO,51,0,38,0,0,0,0,0.7302353651176825,35.91790193842645,Cidade
IAG0003,RR,15,0,5,0,0,0,10.005579319323042,14.820967268095291,40.36624203821656,Cidade
IAG0003,TO,90,0,62,0,0,0,0,14.803987250089698,76.41395908543923,Cidade
IAG0003,Sudeste,1616,46,836,0,0,0,0,36.738123486236276,100,Macrorregião
IAG0003,ES,77,1,58,0,0,0,0,0,100,Cidade
IAG0003,MG,821,5,571,0,0,0,0,8.08907182715509,100,Cidade
IAG0003,RJ,92,11,34,0,0,0,1.6280894468418987,37.32093490826841,100,Cidade
IAG0003,SP,626,29,173,0,0,0,26.478530920874967,68.63783465725213,100,Cidade
IAG0003,Sul,1157,9,309,0,0,0,10.413240586506749,46.544342803383486,100,Macrorregião
IAG0003,PR,397,2,20,0,0,3.1463237349017636,9.564164648910412,23.17308951912547,100,Cidade
IAG0003,RS,468,4,259,0,0,0,0,44.354709728842536,100,Cidade
IAG0003,SC,292,3,30,0,0,18.172268907563023,39.46528332003192,71.4389932518694,100,Cidade
IAG2001,Brasil,5242,372,309,1,0,43.04206123213755,63.403542720258336,74.783945611528,850.3091190108156,Brasil
IAG2001,Centro-Oeste,440,227,28,0,0,47.22908713471961,67.84683771348358,77.60769650229804,95.18887022440452,Macrorregião
IAG2001,DF,1,0,0,0,56.60881069454167,56.60881069454167,56.60881069454167,56.60881069454167,56.60881069454167,Cidade
IAG2001,GO,240,211,5,0,0,18.742286818296588,69.77823738940594,75.60934744268077,90.63353358820316,Cidade
IAG2001,MS,77,0,1,0,0,63.5629314143046,71.44191258871871,78.13261955591196,95.18887022440452,Cidade
IAG2001,MT,122,16,22,0,0,6.934683748724369,56.17045834853067,74.52752482482018,94.99217527386541,Cidade
IAG2001,Nordeste,1668,41,72,1,0,29.936716861185772,51.4947149990273,66.81930467407804,850.3091190108156,Macrorregião
IAG2001,AL,99,3,3,1,0,11.122025662416661,22.053261904079832,31.38528990624835,850.3091190108156,Cidade
IAG2001,BA,404,6,6,0,0,59.66747934682076,68.10768735301016,73.47600199369649,91.84191443074693,Cidade
IAG2001,CE,183,0,2,0,0,50.10099601261838,58.9143531196023,67.88019992412623,87.76705267308225,Cidade
IAG2001,MA,179,9,38,0,0,0.08941386796066914,1.3658505154639176,6.415382475442659,41.68383376906697,Cidade
IAG2001,PB,209,12,9,0,0,42.32245681381958,52.456310126942576,61.52818457427676,84.55342126228201,Cidade
IAG2001,PE,177,1,2,0,0,44.89239475348436,57.81644590139808,72.6620637986217,90.78387177560731,Cidade
IAG2001,PI,181,10,12,0,0,22.397961626895135,33.4025,43.339226224252684,66.6194778698422,Cidade
IAG2001,RN,161,0,0,0,0.1639784946236559,35.811289180665504,47.40672642304452,60.22544945900358,83.68719037508845,Cidade
IAG2001,SE,75,0,0,0,12.106133431928354,38.4488409847243,43.52595450670735,48.06561049752497,76.69589362256376,Cidade
IAG2001,Norte,361,26,84,0,0,1.825517077712262e-4,14.6875,61.27564917581691,93.98496240601504,Macrorregião
IAG2001,AC,22,0,0,0,0.8314680514519354,1.8191114916286149,2.249312332746391,2.9457916301523603,19.600593442838676,Cidade
IAG2001,AM,51,8,31,0,0,0,0,0.9108317634914735,50.99979002150287,Cidade
IAG2001,AP,16,0,4,0,0,2.7382756165683934e-4,0.0014430165928342746,0.009936274308814717,27.067765086842005,Cidade
IAG2001,PA,116,16,43,0,0,0,0.3147749644688032,20.739998055048805,81.46738578476702,Cidade
IAG2001,RO,51,1,6,0,0,31.284708928708117,46.06495260141094,61.629230626304206,93.98496240601504,Cidade
IAG2001,RR,15,0,0,0,0.0021337430119916356,3.653047007145072,6.149963950973324,12.150551345574662,34.523084728564186,Cidade
IAG2001,TO,90,1,0,0,6.685263157894737,57.514348743708986,70.0915640948664,75.7500548717689,89.08427339084272,Cidade
IAG2001,Sudeste,1616,40,87,0,0,58.32633613849479,71.49825144307349,79.06135894332134,99.9410029498525,Macrorregião
IAG2001,ES,77,2,1,0,0,57.70400053583911,70.03426462836056,74.76873796408879,83.3037650305539,Cidade
IAG2001,MG,821,24,57,0,0,62.0945123564587,72.06490960575039,78.71541994517037,99.0755241222531,Cidade
IAG2001,RJ,92,1,5,0,0,17.483442787927377,40.56950786402842,54.531404868390624,77.10445361113052,Cidade
IAG2001,SP,626,13,24,0,0,61.090604206355394,72.91408934707904,82.31056838061264,99.9410029498525,Cidade
IAG2001,Sul,1157,38,38,0,0,55.64293642249697,67.87304414196666,77.15780889356527,98.09688581314879,Macrorregião
IAG2001,PR,397,4,4,0,0,67.51963455682001,74.9230414037248,80.12599188321522,94.95893186864791,Cidade
IAG2001,RS,468,29,30,0,0,50.39748149945238,64.05054384473307,74.72070437285088,98.09688581314879,Cidade
IAG2001,SC,292,5,4,0,0,52.36771895252316,61.06108678166057,69.17628521502358,95.43987139104183,Cidade
IAG2002,Brasil,5242,162,306,1,0,88.50935571380975,99.28777841253853,100,100.47063060899842,Brasil
IAG2002,Centro-Oeste,440,16,29,0,0,98.21546649033806,99.37542940035448,99.82567672177035,100,Macrorregião
IAG2002,DF,1,0,0,0,92.30936630986444,92.30936630986444,92.30936630986444,92.30936630986444,92.30936630986444,Cidade
IAG2002,GO,240,0,6,0,0,98.52085865270627,99.25313013706793,99.6101617904232,100,Cidade
IAG2002,MS,77,0,1,0,0,99.35064935064936,99.92229992229991,100,100,Cidade
IAG2002,MT,122,16,22,0,0,11.189516129032258,99.08321142902636,100,100,Cidade
IAG2002,Nordeste,1668,43,68,1,0,74.26470588235294,91.3108563263362,97.5847723939784,100.47063060899842,Macrorregião
IAG2002,AL,99,1,3,0,0,48.02965105679266,73.78811608770013,92.32743236000682,100,Cidade
IAG2002,BA,404,6,6,0,0,93.85198807037443,97.20084544324487,98.93956483890437,100,Cidade
IAG2002,CE,183,0,2,1,0,95.27597150647067,99.98836911768126,100,100.47063060899842,Cidade
IAG2002,MA,179,9,38,0,0,0.3225142359725799,5.741444415433559,21.74909801751149,92.30450659342702,Cidade
IAG2002,PB,209,16,5,0,0,83.58286009292722,90.2654867256637,94.07426989272744,97.20252549781446,Cidade
IAG2002,PE,177,1,2,0,0,86.45794976620257,91.71064985959597,95.88005608088095,100,Cidade
IAG2002,PI,181,10,12,0,0,63.857785125516145,81.17168980697596,89.1579496339041,99.92307692307692,Cidade
IAG2002,RN,161,0,0,0,0.9868953243811681,82.31905087060429,89.0793279586436,94.38608575856725,100,Cidade
IAG2002,SE,75,0,0,0,31.215105065475584,75.13569138946454,84.21119110774283,100,100,Cidade
IAG2002,Norte,361,26,84,0,0,3.9971700036374246e-4,46.77375256322625,99.98611920573529,100,Macrorregião
IAG2002,AC,22,0,0,0,4.518150953251502,6.2388928747686645,8.461158393146622,10.754661303461972,51.87598606231513,Cidade
IAG2002,AM,51,8,31,0,0,0,0,3.355616618382177,100,Cidade
IAG2002,AP,16,0,4,0,0,5.995755005456137e-4,0.0030252509790320093,0.01906236164032564,58.22043575628428,Cidade
IAG2002,PA,116,16,43,0,0,0,0.6397890253562608,55.95946441237078,100,Cidade
IAG2002,RO,51,1,6,0,0,59.96505419111824,91.25176752748095,98.05552693357075,100,Cidade
IAG2002,RR,15,0,0,0,0.1397624039133473,24.13574719396226,44.35238735709482,51.70385557419453,80.37476624620547,Cidade
IAG2002,TO,90,1,0,0,9.465330302917396,99.98797831287642,100,100,100,Cidade
IAG2002,Sudeste,1616,40,87,0,0,99.25817729306694,100,100,100,Macrorregião
IAG2002,ES,77,2,1,0,0,93.3229220015665,94.95694956949569,96.04838129167365,100,Cidade
IAG2002,MG,821,24,57,0,0,99.97727225769127,100,100,100,Cidade
IAG2002,RJ,92,1,5,0,0,36.51300618361982,79.65637982195845,97.70686910050694,100,Cidade
IAG2002,SP,626,13,24,0,0,100,100,100,100,Cidade
IAG2002,Sul,1157,37,38,0,0,97.27956542289414,99.8987269260772,100,100,Macrorregião
IAG2002,PR,397,4,4,0,0,100,100,100,100,Cidade
IAG2002,RS,468,28,30,0,0,99.23924090821454,99.76024169377276,99.91070654682083,100,Cidade
IAG2002,SC,292,5,4,0,0,93.82154751303929,96.27594301872698,98.63038342662168,100,Cidade
IAG2003,Brasil,5242,160,1090,11,0,10.590482230485948,99.3171450850378,100,171.20966573118832,Brasil
IAG2003,Centro-Oeste,440,16,44,0,0,98.02057754952781,100,100,100,Macrorregião
IAG2003,DF,1,0,0,0,98.40756884843653,98.40756884843653,98.40756884843653,98.40756884843653,98.40756884843653,Cidade
IAG2003,GO,240,0,8,0,0,99.84288766000586,100,100,100,Cidade
IAG2003,MS,77,0,3,0,0,96.52683709186273,100,100,100,Cidade
IAG2003,MT,122,16,33,0,0,0,99.99998389249464,100,100,Cidade
IAG2003,Nordeste,1668,40,574,11,0,0,79.15767271524219,100,171.20966573118832,Macrorregião
IAG2003,AL,99,1,72,7,0,0,0,1.635446210788313,171.20966573118832,Cidade
IAG2003,BA,404,6,12,1,0,97.15085857496072,100,100,107.55433483267262,Cidade
IAG2003,CE,183,0,12,3,0,28.272228934518516,82.87867388296971,99.18931353137648,109.04944791166588,Cidade
IAG2003,MA,179,10,162,0,0,0,0,0,100,Cidade
IAG2003,PB,209,12,97,0,0,0,4.8676769961547155,89.83085079525371,100,Cidade
IAG2003,PE,177,1,6,0,0,69.54112016461134,92.74672888327822,99.33445588822397,100,Cidade
IAG2003,PI,181,10,147,0,0,0,0,0,100,Cidade
IAG2003,RN,161,0,10,0,0,84.53955089586104,98.67074936504545,100,100,Cidade
IAG2003,SE,75,0,56,0,0,0,0,2.14937922318933,100,Cidade
IAG2003,Norte,361,25,187,0,0,0,0,98.1703869328378,100,Macrorregião
IAG2003,AC,22,0,21,0,0,0,0,0,24.61365725067866,Cidade
IAG2003,AM,51,8,38,0,0,0,0,0,100,Cidade
IAG2003,AP,16,0,4,0,0,0.8761231044436314,3.9326398249177394,7.850480988232521,20.912178554099953,Cidade
IAG2003,PA,116,15,74,0,0,0,0,2.209944751381215,100,Cidade
IAG2003,RO,51,1,43,0,0,0,0,0,100,Cidade
IAG2003,RR,15,0,0,0,0.0021337430119916356,3.5878156663219523,6.116919009853401,12.105939553786525,54.01967438423812,Cidade
IAG2003,TO,90,1,7,0,0,97.70274010517575,100,100,100,Cidade
IAG2003,Sudeste,1616,41,190,0,0,96.47010011997966,100,100,100,Macrorregião
IAG2003,ES,77,2,11,0,0,66.4780331070279,97.0475041099275,99.52328903788816,100,Cidade
IAG2003,MG,821,24,110,0,0,95.71842906047927,100,100,100,Cidade
IAG2003,RJ,92,1,26,0,0,0,83.99740641637976,100,100,Cidade
IAG2003,SP,626,14,43,0,0,100,100,100,100,Cidade
IAG2003,Sul,1157,38,95,0,0,48.884452269733906,99.12958392359032,100,100,Macrorregião
IAG2003,PR,397,4,16,0,0,99.88181997242467,100,100,100,Cidade
IAG2003,RS,468,28,59,0,0,10.00007389885753,38.987173204336045,50,100,Cidade
IAG2003,SC,292,6,20,0,0,98.72735046084331,99.80484427641764,99.98365649329364,100,Cidade
IAG2010,Brasil,5242,372,1,5,0,55.953877073042385,69.58720675861005,78.81558188570196,1862.3647604327587,Brasil
IAG2010,Centro-Oeste,440,227,0,0,11.122244488977955,62.06575562077391,72.35656019338201,79.7602358969401,95.4236111111111,Macrorregião
IAG2010,DF,1,0,0,0,69.16717559032543,69.16717559032543,69.16717559032543,69.16717559032543,69.16717559032543,Cidade
IAG2010,GO,240,211,0,0,20,66.1320125095835,73.81587034134148,83.02367941712203,95.4236111111111,Cidade
IAG2010,MS,77,0,0,0,28.427741273374302,64.97283007783815,72.35656019338201,78.53044897099848,95.38700090450963,Cidade
IAG2010,MT,122,16,0,0,11.122244488977955,58.26398349266926,71.29652865432598,80.77544865391799,95,Cidade
IAG2010,Nordeste,1668,41,0,2,2.1683673469387754,47.240056395832156,61.84116543441891,73.60110257211959,1862.3647604327587,Macrorregião
IAG2010,AL,99,3,0,1,2.5732711647361834,25.19029295773428,35.69459772525924,48.75572639186877,1862.3647604327587,Cidade
IAG2010,BA,404,6,0,0,34.54589384758023,66.13129506012501,71.86749444959172,78.41949864070949,99.78974455532543,Cidade
IAG2010,CE,183,0,0,0,12.848468829614621,55.72877845968982,64.18407307089406,72.3595481665944,91.52762997437736,Cidade
IAG2010,MA,179,9,0,0,2.1683673469387754,22.533502051983586,32.3288763573659,43.696855555979695,94.81327800829875,Cidade
IAG2010,PB,209,12,0,1,25.903614457831324,59.13012221423436,65.25069043077187,75.26729188010613,100.00000000000003,Cidade
IAG2010,PE,177,1,0,0,28.014988050406863,57.98613480114675,70.01509005067994,84.82548450163515,95.365532175304807,Cidade
IAG2010,PI,181,10,0,0,9.719350073855242,38.31323613758295,46.59763313609467,55.02816704035874,95,Cidade
IAG2010,RN,161,0,0,0,19.77389168819071,45.27175080558539,57.2162563855232,72.67428571428572,99.7600882875102,Cidade
IAG2010,SE,75,0,0,0,35.96731964291347,47.19436373064444,50.756564939673524,55.97089056787651,93.8212428978416,Cidade
IAG2010,Norte,361,26,1,3,0,39.16241673090988,56.04546452888205,73.032286517890185,135.4089009375353,Macrorregião
IAG2010,AC,22,0,0,0,16.048537121596482,23.434522802863746,29.37793487165633,42.696324191250056,66.03632887189292,Cidade
IAG2010,AM,51,8,0,0,10.299999999999999,25.000582414622087,48.56250892693179,60.38016257492405,94.83333333333334,Cidade
IAG2010,AP,16,0,0,0,44.26956167701967,45.39094558416931,46.507392138675094,49.96053137910866,55.79815623483746,Cidade
IAG2010,PA,116,16,1,3,0,38.80882905311918,55.573752672604286,73.07748772565307,135.4089009375353,Cidade
IAG2010,RO,51,1,0,0,18.5,49.94517503404212,58.73064737215864,68.80957341983103,94.17293233082707,Cidade
IAG2010,RR,15,0,0,0,1.5266931250800153,12.544956205087296,17.30674246776941,25.61709490066064,47.596605217579935,Cidade
IAG2010,TO,90,1,0,0,12.513376367841486,59.68008279936272,71.111579391002,77.07191548914271,99.95848038198048,Cidade
IAG2010,Sudeste,1616,40,0,0,4.675380130235859,65.74889655698698,74.74005401272956,81.85197071874822,99.9410029498525,Macrorregião
IAG2010,ES,77,2,0,0,10.478048780487805,63.64208228404445,74.85683007059092,79.26912138798113,93.36932482544348,Cidade
IAG2010,MG,821,24,0,0,11.000000000000002,66.29061636993949,74.23867240106,81.11974232663887,99.57565041677192,Cidade
IAG2010,RJ,92,1,0,0,4.675380130235859,50.44365355556201,64.67813837375178,73.50117697633218,92.26212832550861,Cidade
IAG2010,SP,626,13,0,0,11.321016676395876,66.88031209046365,76.04597701149424,84.64340800113584,99.9410029498525,Cidade
IAG2010,Sul,1157,38,0,0,2.500541680509613,60.909645845123606,71.09377437977844,79.433812074038,99.43153732081068,Macrorregião
IAG2010,PR,397,4,0,0,11.704450227142415,68.55200907943228,75.54191444465759,80.59240414319463,94.95893186864791,Cidade
IAG2010,RS,468,29,0,0,2.500541680509613,56.889053334694864,69.93197420862633,80.15231584142171,99.43153732081068,Cidade
IAG2010,SC,292,5,0,0,4.741338808749063,57.40008347223845,65.30627056318949,73.97047981472322,97.64739710629846,Cidade
IAG2011,Brasil,5242,352,133,316,0,57.32200427203069,72.77871633002127,84.62312171929287,521.9953405509112,Brasil
IAG2011,Centro-Oeste,440,207,6,3,0,61.692514348516305,73.74681393372983,81.00181555793492,116.24000000000001,Macrorregião
IAG2011,DF,1,0,0,0,60.181816187199,60.181816187199,60.181816187199,60.181816187199,60.181816187199,Cidade
IAG2011,GO,240,191,4,1,0,62.702575662076555,73.3420386441889,79.8953692728982,106.11211846479299,Cidade
IAG2011,MS,77,0,0,1,28.165779856841993,64.03289763548244,73.72156355734053,78.56608762557028,116.24000000000001,Cidade
IAG2011,MT,122,16,2,1,0,57.39452175113027,76.23592861345361,86.4685194877764,101.5926163163105,Cidade
IAG2011,Nordeste,1668,41,58,149,0,49.52331663797915,70.50695891884624,86.0077686323827,186.64902818764628,Macrorregião
IAG2011,AL,99,3,2,41,0,41.41200011496909,81.65790774201707,126.62167584064022,186.64902818764628,Cidade
IAG2011,BA,404,6,5,10,0,66.83105106348634,76.8694834366108,85.57095815211454,110.2372521246459,Cidade
IAG2011,CE,183,0,0,17,1.5123665723826147,64.41197752412032,79.86560561890076,91.10239578515599,143.50180505415162,Cidade
IAG2011,MA,179,9,31,0,0,13.00392250696319,24.893474495252406,35.50988054390647,100,Cidade
IAG2011,PB,209,12,9,34,0,69.61126178483791,81.17116838381651,91.52966793685357,128.61942577886376,Cidade
IAG2011,PE,177,1,2,14,0,48.129787632008515,66.4312494218282,87.19790318825939,135.03380588876772,Cidade
IAG2011,PI,181,10,9,0,0,41.898178721174006,53.40306961447104,62.81345225629364,100,Cidade
IAG2011,RN,161,0,0,31,10.059139784946238,58.56817689139389,73.09004312286798,95.585993593284,145.52564656206516,Cidade
IAG2011,SE,75,0,0,2,21.00484758853011,63.82259002950558,67.38772098854284,70.94890133571798,105.72252803862116,Cidade
IAG2011,Norte,361,26,35,13,0,31.594417479171277,59.51021304634306,80.67951461122672,178.13359210739122,Macrorregião
IAG2011,AC,22,0,0,0,8.39167935058346,14.877547353289364,18.725668434124877,25.579578125240225,46.43116634799235,Cidade
IAG2011,AM,51,8,13,0,0,0,39.799791666666664,87.0000307606499,100,Cidade
IAG2011,AP,16,0,0,8,32.67742678646447,80.66301768337561,95.66553702104412,127.64291174415075,178.13359210739122,Cidade
IAG2011,PA,116,16,18,4,0,28.88045263590132,43.864788516852,69.98404063118883,169.8661971830986,Cidade
IAG2011,RO,51,1,3,0,0,51.25703742577923,62.750048225308646,77.2521093712373,100,Cidade
IAG2011,RR,15,0,1,0,0,4.5240700537395515,7.722903148281662,15.623767570584736,40.66083206494165,Cidade
IAG2011,TO,90,1,0,1,18.849655172413794,61.13079043949825,76.20482562427563,82.07721864728484,110.53970360539705,Cidade
IAG2011,Sudeste,1616,40,29,141,0,65.61606383351128,75.78217941707531,87.14035732932581,163,Macrorregião
IAG2011,ES,77,2,0,2,10.430487804878048,61.71793683216134,71.53586523550338,75.68237160958263,163,Cidade
IAG2011,MG,821,24,27,8,0,65.0301298710659,73.09495756245708,79.62799818119814,138.69565217391303,Cidade
IAG2011,RJ,92,1,1,8,0,35.72152495960089,64.00181351065437,85.66985542243097,155.94102641056423,Cidade
IAG2011,SP,626,13,1,123,0,71.37550942720229,88.00389721105833,99.24330078215394,157.13228594584527,Cidade
IAG2011,Sul,1157,38,5,10,0,58.994956141408906,71.3204167400274,82.01749367285609,521.9953405509112,Macrorregião
IAG2011,PR,397,4,0,0,8.67468571585454,72.97297297297297,80.00023353754895,85.8999103880885,100,Cidade
IAG2011,RS,468,29,3,1,0,52.729416605361834,66.29266012155213,77.96118027964553,102.04081632653062,Cidade
IAG2011,SC,292,5,2,9,0,55.449561749281415,65.4478310621034,72.77993912932534,521.9953405509112,Cidade
IAG2012,Brasil,5242,352,73,0,-421.9953405509113,15.376878280707132,27.22128366997874,42.67799572796931,100,Brasil
IAG2012,Centro-Oeste,440,207,8,0,-16.24000000000001,18.99818444206508,26.253186066270178,38.307485651483695,100,Macrorregião
IAG2012,DF,1,0,0,0,39.818183812801,39.818183812801,39.818183812801,39.818183812801,39.818183812801,Cidade
IAG2012,GO,240,191,1,0,-6.112118464792992,20.10463072710181,26.6579613558111,37.297424337923445,100,Cidade
IAG2012,MS,77,0,1,0,-16.24000000000001,21.433912374429713,26.27843644265947,35.96710236451755,71.834220143158,Cidade
IAG2012,MT,122,16,6,0,-1.5926163163104954,13.531480512223585,23.764071386546377,42.60547824886973,100,Cidade
IAG2012,Nordeste,1668,41,9,0,-86.64902818764627,13.992231367617292,29.493041081153766,50.47668336202085,100,Macrorregião
IAG2012,AL,99,3,0,0,-86.64902818764627,-26.621675840640215,18.342092257982912,58.58799988503092,100,Cidade
IAG2012,BA,404,6,5,0,-10.237252124645902,14.429041847885458,23.1305165633892,33.168948936513665,100,Cidade
IAG2012,CE,183,0,0,0,-43.501805054151625,8.897604214844014,20.134394381099245,35.58802247587968,98.48763342761738,Cidade
IAG2012,MA,179,9,2,0,0,64.49011945609352,75.1065255047476,86.99607749303681,100,Cidade
IAG2012,PB,209,12,0,0,-28.619425778863768,8.470332063146436,18.828831616183496,30.388738215162093,100,Cidade
IAG2012,PE,177,1,0,0,-35.03380588876772,12.802096811740597,33.5687505781718,51.870212367991485,100,Cidade
IAG2012,PI,181,10,1,0,0,37.186547743706356,46.59693038552896,58.101821278825994,100,Cidade
IAG2012,RN,161,0,1,0,-45.52564656206517,4.414006406715997,26.909956877132007,41.43182310860611,89.94086021505376,Cidade
IAG2012,SE,75,0,0,0,-5.722528038621177,29.05109866428203,32.61227901145716,36.17740997049442,78.99515241146989,Cidade
IAG2012,Norte,361,26,7,0,-78.13359210739124,19.320485388773264,40.48978695365693,68.40558252082873,100,Macrorregião
IAG2012,AC,22,0,0,0,53.56883365200764,74.42042187475978,81.27433156587513,85.12245264671063,91.60832064941654,Cidade
IAG2012,AM,51,8,1,0,0,12.99996923935009,60.20020833333333,100,100,Cidade
IAG2012,AP,16,0,0,0,-78.13359210739124,-27.642911744150734,4.334462978955868,19.336982316624383,67.32257321353553,Cidade
IAG2012,PA,116,16,4,0,-69.8661971830986,30.015959368811174,56.135211483148,71.11954736409868,100,Cidade
IAG2012,RO,51,1,2,0,0,22.747890628762697,37.249951774691354,48.74296257422077,100,Cidade
IAG2012,RR,15,0,0,0,59.33916793505835,84.37623242941527,92.27709685171834,95.47592994626045,100,Cidade
IAG2012,TO,90,1,0,0,-10.539703605397037,17.922781352715152,23.795174375724372,38.86920956050176,81.15034482758621,Cidade
IAG2012,Sudeste,1616,40,28,0,-63,12.85964267067419,24.217820582924684,34.383936166488716,100,Macrorregião
IAG2012,ES,77,2,1,0,-63,24.31762839041737,28.464134764496613,38.282063167838665,89.56951219512196,Cidade
IAG2012,MG,821,24,8,0,-38.69565217391304,20.372001818801866,26.90504243754291,34.9698701289341,100,Cidade
IAG2012,RJ,92,1,0,0,-55.94102641056422,14.330144577569019,35.99818648934562,64.27847504039912,100,Cidade
IAG2012,SP,626,13,19,0,-57.132285945845275,0.7566992178460642,11.996102788941668,28.62449057279771,100,Cidade
IAG2012,Sul,1157,38,21,0,-421.9953405509113,17.982506327143913,28.679583259972595,41.005043858591094,100,Macrorregião
IAG2012,PR,397,4,6,0,0,14.10008961191149,19.999766462451053,27.027027027027028,91.32531428414546,Cidade
IAG2012,RS,468,29,14,0,-2.0408163265306123,22.038819720354468,33.70733987844787,47.270583394638166,100,Cidade
IAG2012,SC,292,5,1,0,-421.9953405509113,27.220060870674665,34.552168937896596,44.55043825071858,100,Cidade
IAG2013,Brasil,5242,396,5,0,0,20.85837628648751,29.8061927974802,43.54399012668204,100,Brasil
IAG2013,Centro-Oeste,440,227,0,0,4.576388888888881,20.239764103059894,27.643439806618,37.93424437922609,88.7,Macrorregião
IAG2013,DF,1,0,0,0,30.693223580520947,30.693223580520947,30.693223580520947,30.693223580520947,30.693223580520947,Cidade
IAG2013,GO,240,211,0,0,4.576388888888881,16.8559646965203,26.184129658658527,33.865407438788274,80,Cidade
IAG2013,MS,77,0,0,0,4.612999095490365,21.469551029001526,27.643439806618,35.027169922161846,70.46359049724772,Cidade
IAG2013,MT,122,16,0,0,4.9999999999999964,19.22455134608201,28.703471345674014,41.73601650733073,88.7,Cidade
IAG2013,Nordeste,1668,52,4,0,0,25.265509242958228,37.13529333795556,52.50316234078873,97.83163265306123,Macrorregião
IAG2013,AL,99,7,0,0,5.093372617167869,50.99881169036692,63.93291532909024,74.49361011248203,97.42672883526382,Cidade
IAG2013,BA,404,6,0,0,0.21025544467456198,20.371528406461508,27.123536546846104,32.9722438259303,62.772404564138995,Cidade
IAG2013,CE,183,1,0,0,7.163082574424111,25.61932394276251,34.37490373994606,42.793261767493135,85.65217391304348,Cidade
IAG2013,MA,179,11,0,0,5.186721991701245,56.230629112502,67.27503816153398,77.15517015966086,97.83163265306123,Cidade
IAG2013,PB,209,14,4,0,0,24.767235117215662,34.749309569228146,41.211080257689645,74.09638554216868,Cidade
IAG2013,PE,177,1,0,0,4.634467824695193,15.174515498364858,29.984909949320055,42.01386519885326,71.98501194959313,Cidade
IAG2013,PI,181,12,0,0,4.999999999999992,43.17602601283066,53.40236686390533,61.68290272483411,90.28064992614476,Cidade
IAG2013,RN,161,0,0,0,0.23991171248980378,27.32571428571429,42.7837436144768,54.7282491944146,80.22610831180931,Cidade
IAG2013,SE,75,0,0,0,6.1787571021584,44.02910943212349,49.243435060326476,52.80563626935556,64.03268035708653,Cidade
IAG2013,Norte,361,29,1,0,0,26.986368433415894,44.15452573152825,60.74521305685689,100,Macrorregião
IAG2013,AC,22,0,0,0,33.96367112810707,57.303675808749944,70.62206512834366,76.56547719713626,83.9514628784035,Cidade
IAG2013,AM,51,8,0,0,5.166666666666667,38.74483742507596,51.43749107306821,74.99941758537791,89.7,Cidade
IAG2013,AP,16,0,0,0,44.20184376516254,50.039468620891334,53.492607861324906,54.60905441583069,55.73043832298035,Cidade
IAG2013,PA,116,19,1,0,0,29.852635101921283,45.63859792335104,61.05489459584109,100,Cidade
IAG2013,RO,51,1,0,0,5.827067669172932,31.19042658016898,41.26935262784136,50.05482496595788,81.5,Cidade
IAG2013,RR,15,0,0,0,52.40339478242008,74.38290509933935,82.69325753223058,87.45504379491271,98.47330687491998,Cidade
IAG2013,TO,90,1,0,0,0.04151961801952071,22.928084510857293,28.888420608998004,40.31991720063727,87.48662363215851,Cidade
IAG2013,Sudeste,1616,47,0,0,0.05899705014749486,18.001131130322364,25.064915228348866,33.91228131683203,89.5219512195122,Macrorregião
IAG2013,ES,77,2,0,0,6.630675174556516,20.46745082460466,25.08894091890412,32.223848938510464,89.5219512195122,Cidade
IAG2013,MG,821,24,0,0,0.4243495832280753,18.880257673361125,25.76132759894,33.66863474014141,89,Cidade
IAG2013,RJ,92,4,0,0,7.737871674491395,24.494410640761387,34.48294273909399,47.55294431207863,87.9770599836258,Cidade
IAG2013,SP,626,17,0,0,0.05899705014749486,15.180182384839814,23.469606463577154,32.686654908877145,88.67898332360411,Cidade
IAG2013,Sul,1157,41,0,0,0.5684626791893326,20.13970363884385,28.408696018450254,38.31762778856364,97.4994583194904,Macrorregião
IAG2013,PR,397,5,0,0,5.041068131352094,19.375797418994424,24.279471371526927,31.05249448852051,77.74972595079129,Cidade
IAG2013,RS,468,29,0,0,0.5684626791893326,18.99201461249345,29.271972840437577,42.24703775807235,97.4994583194904,Cidade
IAG2013,SC,292,7,0,0,1.9671378690432544,25.354234336016575,33.57864407956399,41.674576271186446,86.36363636363636,Cidade
IAG2016,Brasil,5242,10,2235,22,0,0,44.546420119750934,100,106.396255850234,Brasil
IAG2016,Centro-Oeste,440,2,113,0,0,0,89.88487949225328,97.74632359594847,100,Macrorregião
IAG2016,DF,1,0,0,0,31.84922103350672,31.84922103350672,31.84922103350672,31.84922103350672,31.84922103350672,Cidade
IAG2016,GO,240,2,29,0,0,74.48172515536042,92.42613440303657,97.22335381576899,100,Cidade
IAG2016,MS,77,0,49,0,0,0,0,67.41938370670883,100,Cidade
IAG2016,MT,122,0,35,0,0,0,90.79818761360343,100,100,Cidade
IAG2016,Nordeste,1668,8,1270,0,0,0,0,0,100,Macrorregião
IAG2016,AL,99,0,93,0,0,0,0,0,100,Cidade
IAG2016,BA,404,0,266,0,0,0,0,33.15778645001953,100,Cidade
IAG2016,CE,183,0,94,0,0,0,0,22.674245606245357,100,Cidade
IAG2016,MA,179,5,39,0,0,6.89098831290467,39.513324850502826,55.47916666666667,95.56611243072051,Cidade
IAG2016,PB,209,1,205,0,0,0,0,0,59.47401774397972,Cidade
IAG2016,PE,177,0,170,0,0,0,0,0,95.23809523809523,Cidade
IAG2016,PI,181,2,172,0,0,0,0,0,100,Cidade
IAG2016,RN,161,0,157,0,0,0,0,0,100,Cidade
IAG2016,SE,75,0,74,0,0,0,0,0,96.96226039663063,Cidade
IAG2016,Norte,361,0,171,0,0,0,0.8183306055646482,83.6097518728619,100,Macrorregião
IAG2016,AC,22,0,1,0,0,62.554779512462346,78.39360174001035,83.49979398950798,97.57861635220125,Cidade
IAG2016,AM,51,0,39,0,0,0,0,0,91.92207462864518,Cidade
IAG2016,AP,16,0,16,0,0,0,0,0,0,Cidade
IAG2016,PA,116,0,33,0,0,0,15.854197930204737,54.689883956402,100,Cidade
IAG2016,RO,51,0,44,0,0,0,0,0,100,Cidade
IAG2016,RR,15,0,15,0,0,0,0,0,0,Cidade
IAG2016,TO,90,0,23,0,0,5.875090495397663,99.95810112700582,100,100,Cidade
IAG2016,Sudeste,1616,0,236,22,0,96.16385160172678,100,100,106.396255850234,Macrorregião
IAG2016,ES,77,0,9,0,0,61.804104706894435,97.80848963474827,99.17708498180092,100,Cidade
IAG2016,MG,821,0,90,22,0,100,100,100,106.396255850234,Cidade
IAG2016,RJ,92,0,65,0,0,0,0,10.766283264431456,100,Cidade
IAG2016,SP,626,0,72,0,0,96.68574394221265,100,100,100,Cidade
IAG2016,Sul,1157,0,445,0,0,0,99.92751872432954,100,100,Macrorregião
IAG2016,PR,397,0,15,0,0,100,100,100,100,Cidade
IAG2016,RS,468,0,390,0,0,0,0,0,100,Cidade
IAG2016,SC,292,0,40,0,0,98.61135985656186,100,100,100,Cidade
IAG2023,Brasil,5242,352,112,120,0,0.4712374998889647,0.7337803072284002,1.1420714635491942,52422.00557103064,Brasil
IAG2023,Centro-Oeste,440,207,13,10,0,0.44331521763124315,0.6210498530419283,0.8862749533450206,781.523569023569,Macrorregião
IAG2023,DF,1,0,0,0,0.8753579094795274,0.8753579094795274,0.8753579094795274,0.8753579094795274,0.8753579094795274,Cidade
IAG2023,GO,240,191,3,1,0,0.5819579840828386,0.7157056345444972,1.1484183875137544,643.0896745687055,Cidade
IAG2023,MS,77,0,0,0,0.05,0.4532359260850881,0.5620468038182649,0.6945497320611684,2.183406113537118,Cidade
IAG2023,MT,122,16,10,9,0,0.3763811428356443,0.6151292050262347,0.9601044277986417,781.523569023569,Cidade
IAG2023,Nordeste,1668,41,27,16,0,0.4296083117385938,0.7319907600565794,1.3890528052236792,1627.5277234181342,Macrorregião
IAG2023,AL,99,3,1,2,0,0.28784916508040637,0.6078505363440602,2.2369746728260806,422.9166666666667,Cidade
IAG2023,BA,404,6,2,3,0,0.5566855745914885,0.9108893800802063,1.6176643199816638,1627.5277234181342,Cidade
IAG2023,CE,183,0,3,4,0,0.4793392828541234,0.6887229091650248,1.048305252865346,823.4742260199296,Cidade
IAG2023,MA,179,9,3,4,0,0.3358665452627599,0.5417957359622294,0.7338823313782991,633.7566126308528,Cidade
IAG2023,PB,209,12,16,1,0,0.06421832063135381,0.5211716139178297,1.2180203216472645,328.759,Cidade
IAG2023,PE,177,1,0,0,0.014573649704670469,0.45691101306621684,0.9569181351782463,1.743116827176202,17.867338869118228,Cidade
IAG2023,PI,181,10,2,0,0,0.35925018710287226,0.5249509803921569,0.8016975576010383,24.265107256960288,Cidade
IAG2023,RN,161,0,0,1,0.00987841945288754,0.5538928129614111,1.1248821956801878,2.1689191637378165,969.9049288792878,Cidade
IAG2023,SE,75,0,0,1,0.1557126025614305,0.7246031450729784,1.1903429933969185,2.2794695553508912,149.46353554700704,Cidade
IAG2023,Norte,361,26,7,9,0,0.37021015108194966,0.5707149009474591,0.8103831843915177,52422.00557103064,Macrorregião
IAG2023,AC,22,0,0,0,0.03186834094368341,0.19129043931118872,0.407669733868364,0.8385117855763178,2.1490244914902448,Cidade
IAG2023,AM,51,8,4,3,0,0.09843911621661558,0.43668852808659264,1.2908795019849744,52422.00557103064,Cidade
IAG2023,AP,16,0,0,0,0.027572609941766007,0.29833575664926215,0.38052289448372495,0.6652227858979622,11.447214431969257,Cidade
IAG2023,PA,116,16,1,3,0,0.4611786953541461,0.6421314297771217,0.8542861894463669,791.551724137931,Cidade
IAG2023,RO,51,1,1,2,0,0.41115740740740736,0.5753273098770499,0.799390003109073,1864.932,Cidade
IAG2023,RR,15,0,0,0,0.12199153348554033,0.2935690043217455,0.4398742462911935,0.547272423509923,0.6381098766763743,Cidade
IAG2023,TO,90,1,1,1,0,0.48377793799567415,0.6172512684756232,0.7599819873911738,750,Cidade
IAG2023,Sudeste,1616,40,34,46,0,0.5242896673135558,0.7478422178513395,1.0584222137287633,7486.215120051915,Macrorregião
IAG2023,ES,77,2,1,3,0,0.37450909896701956,0.5904232539880804,0.7741024758026727,692.49567308428675,Cidade
IAG2023,MG,821,24,11,15,0,0.552880342066935,0.7383822303085438,1.0115998369752641,4283.68,Cidade
IAG2023,RJ,92,1,3,1,0,0.2143830820172249,0.4522441351223186,0.9181279196098349,227.8463179738992,Cidade
IAG2023,SP,626,13,19,27,0,0.5678257568144005,0.8222222222222222,1.1627059577755738,7486.215120051915,Cidade
IAG2023,Sul,1157,38,31,39,0,0.5186050791149409,0.8049104180491042,1.1682135692604083,7495.523809523809,Macrorregião
IAG2023,PR,397,4,2,11,0,0.7011603950796825,0.8851214365509537,1.2009930301634137,2867.459998143047,Cidade
IAG2023,RS,468,29,24,18,0,0.4448430959713685,0.7149553128103278,1.1389212180450183,7495.523809523809,Cidade
IAG2023,SC,292,5,5,10,0,0.39942472497671616,0.7103230337078652,1.1597349420351093,2641.1928251121076,Cidade
IAG3001,Brasil,5242,1948,0,2679,0.2,164.0625,875.6666666666667,2455.24358974359,18053666.666666668,Brasil
IAG3001,Centro-Oeste,440,105,0,293,0.41818181818181815,396.83333333333337,1228,2717.4285714285716,50000,Macrorregião
IAG3001,DF,1,0,0,1,5435.6100917431195,5435.6100917431195,5435.6100917431195,5435.6100917431195,5435.6100917431195,Cidade
IAG3001,GO,240,62,0,175,57.23529411764706,1062.6339285714287,1918.2142857142858,3417.5175,27301.556886227543,Cidade
IAG3001,MS,77,9,0,67,89,628.5,1115.157894736842,2461.0144230769233,25355.1,Cidade
IAG3001,MT,122,34,0,50,0.41818181818181815,67,138.73863636363637,578.12,50000,Cidade
IAG3001,Nordeste,1668,385,0,1118,20,370.8666666666667,1246.75,2784.92,45679.5,Macrorregião
IAG3001,AL,99,12,0,87,118.33333333333333,842.4236842105263,1276.1739130434783,2292.221153846154,10832.927272727273,Cidade
IAG3001,BA,404,38,0,346,20,947.6458333333334,2052.3888888888887,3803.3428571428567,45679.5,Cidade
IAG3001,CE,183,3,0,172,51.12987012987013,574.5571428571429,1364.3461538461538,2570.7380952380954,15520.202816901408,Cidade
IAG3001,MA,179,94,0,56,20.260623229461757,63.63636363636363,232.8,584.5,38682.5,Cidade
IAG3001,PB,209,30,0,79,21.444444444444443,50.590476190476195,84,191.8653846153846,1821,Cidade
IAG3001,PE,177,2,0,174,84,1584.3607078039927,2643.3571428571427,5528.78,23353.34682080925,Cidade
IAG3001,PI,181,122,0,54,22.451476793248943,337.64935064935065,464.0357142857143,1415.5,15960,Cidade
IAG3001,RN,161,27,0,132,62,784.3695652173913,1360,2610.2916666666665,14972.25,Cidade
IAG3001,SE,75,57,0,18,113.11428571428571,1265.5,2139.5,3050,9722,Cidade
IAG3001,Norte,361,150,0,172,0.2,200,940.25,1907.5,270000,Macrorregião
IAG3001,AC,22,21,0,1,40671,40671,40671,40671,40671,Cidade
IAG3001,AM,51,22,0,22,33.04597701149425,200,400,1423.076923076923,15265.166666666666,Cidade
IAG3001,AP,16,1,0,0,0.2,0.2357456140350877,0.375,0.5625,1,Cidade
IAG3001,PA,116,70,0,32,21.816438356164383,100,223.9,1579.1809274239488,6993,Cidade
IAG3001,RO,51,14,0,35,50,500,1076.923076923077,4548,54466,Cidade
IAG3001,RR,15,14,0,1,4091.4,4091.4,4091.4,4091.4,4091.4,Cidade
IAG3001,TO,90,8,0,81,50,905.5,1307,2165.893665158371,270000,Cidade
IAG3001,Sudeste,1616,848,0,644,20,217.4,944.5066666666667,2686,18053666.666666668,Macrorregião
IAG3001,ES,77,7,0,67,50,595.675,1029.642857142857,2846.707219251337,37981.846153846156,Cidade
IAG3001,MG,821,628,0,144,20,100,475,2533.5,34434.04878048781,Cidade
IAG3001,RJ,92,1,0,82,23.529411764705884,363.8552036199095,961.8461538461538,2328.844089673913,30829.40203562341,Cidade
IAG3001,SP,626,212,0,351,20,260.5,1002.1666666666667,2745.108695652174,18053666.666666668,Cidade
IAG3001,Sul,1157,460,0,452,1,67.34482758620689,192,782.362831858407,500000,Macrorregião
IAG3001,PR,397,215,0,160,2,465,1386.2916666666665,2990.6190476190477,500000,Cidade
IAG3001,RS,468,53,0,239,1,59.16666666666667,127.16666666666667,271.4413291796469,45750,Cidade
IAG3001,SC,292,192,0,53,21.714285714285715,50,118.14285714285714,1246.9166666666667,46502,Cidade
IAG3002,Brasil,5242,3420,0,1264,0.05555555555555555,83.72173913043478,261.3813576702215,1168.0705128205127,24366500,Brasil
IAG3002,Centro-Oeste,440,261,0,157,1,227.625,1459,3055.5,41127.125,Macrorregião
IAG3002,DF,1,1,0,0,Inf,NA,NA,NA,-Inf,Cidade
IAG3002,GO,240,130,0,109,87,1294.125,2000,4105.4375,41127.125,Cidade
IAG3002,MS,77,62,0,15,184,712.25,2843.5,9900.5,37817.5,Cidade
IAG3002,MT,122,68,0,33,1,66.51590909090909,135.5,457.25,9268.182222222222,Cidade
IAG3002,Nordeste,1668,756,0,729,2.6522369511184753,122.96875,434.85135135135135,1243.375,54247,Macrorregião
IAG3002,AL,99,42,0,54,25.833333333333332,562.5,1165.796875,1836.842105263158,9838.744186046511,Cidade
IAG3002,BA,404,187,0,202,31.333333333333332,238,674.927291886196,1538.686274509804,54247,Cidade
IAG3002,CE,183,38,0,135,2.6522369511184753,468.3888888888889,1098.3333333333333,1793,20480,Cidade
IAG3002,MA,179,137,0,25,20.838709677419356,61.66666666666667,138.9659090909091,282.625,31824,Cidade
IAG3002,PB,209,35,0,53,20,65.9813915857605,84.09429824561403,109.65225694444443,1000,Cidade
IAG3002,PE,177,2,0,163,33.6,217.15589251274736,366.3970149253731,651.5587118555552,3220.8490566037735,Cidade
IAG3002,PI,181,155,0,23,50,379.30555555555554,789,2275.75,9130,Cidade
IAG3002,RN,161,87,0,72,50,979.0959550561798,1651.3870945945946,2886.8525715278583,15387.84677419355,Cidade
IAG3002,SE,75,73,0,2,134.32876712328766,1131.9965753424658,2129.6643835616437,3127.332191780822,4125,Cidade
IAG3002,Norte,361,260,0,67,0.06870229007633588,60.78260869565217,321.42857142857144,1747.4166666666667,72942.46666666666,Macrorregião
IAG3002,AC,22,14,0,8,126.73333333333333,184.0666666666667,317.75,656.4,72942.46666666666,Cidade
IAG3002,AM,51,27,0,17,50,91.92307692307692,432.5,1475.6410256410256,4812.5,Cidade
IAG3002,AP,16,0,0,0,0.06870229007633588,0.5,0.5060975609756098,0.6666666666666666,1,Cidade
IAG3002,PA,116,83,0,22,21.816438356164383,84.66666666666667,227,1791.8823529411766,8572,Cidade
IAG3002,RO,51,42,0,9,291,650,1042,2467,27233,Cidade
IAG3002,RR,15,14,0,1,8169,8169,8169,8169,8169,Cidade
IAG3002,TO,90,80,0,10,340,819.5,2109.1666666666665,4873.25,17943,Cidade
IAG3002,Sudeste,1616,1399,0,151,0.2,85.175,368.51851851851853,1699.1836734693877,24366500,Macrorregião
IAG3002,ES,77,57,0,19,18.742465753424657,383.6442307692308,568.083904109589,1557.1541095890411,9799.73698630137,Cidade
IAG3002,MG,821,736,0,56,20,72.72727272727273,272.48,1338,102217,Cidade
IAG3002,RJ,92,40,0,43,0.2,222.80555555555554,860.4545454545455,2879.7438461538463,212576,Cidade
IAG3002,SP,626,566,0,33,20.833333333333332,54.074074074074076,182.11666666666667,698.6607142857142,24366500,Cidade
IAG3002,Sul,1157,744,0,160,0.05555555555555555,36.6,76.06366047745358,147.5625,27600,Macrorregião
IAG3002,PR,397,386,0,8,20,143.75,496,1335.3333333333333,8805.2,Cidade
IAG3002,RS,468,119,0,133,0.05555555555555555,36.333333333333336,75,136.10781893004116,10000,Cidade
IAG3002,SC,292,239,0,19,11.23076923076923,34,64.28571428571429,327.75,27600,Cidade
IAG3003,Brasil,5242,231,24,309,0,1.5,4,17.639356435643563,723.8181818181819,Brasil
IAG3003,Centro-Oeste,440,15,0,5,0.0013476424474501618,1.1288209606986899,4.222222222222222,12.665024630541872,383.84183673469386,Macrorregião
IAG3003,DF,1,0,0,0,29.815195851773566,29.815195851773566,29.815195851773566,29.815195851773566,29.815195851773566,Cidade
IAG3003,GO,240,2,0,3,0.05,3.8906223553705024,8.430427531837477,21.94611427597009,383.84183673469386,Cidade
IAG3003,MS,77,0,0,0,0.1,0.9570957095709571,1.019047619047619,1.1136120042872455,52.87781017168772,Cidade
IAG3003,MT,122,13,0,2,0.0013476424474501618,1,2.4844398340248963,10.285714285714286,134.6913767019667,Cidade
IAG3003,Nordeste,1668,60,7,162,0,1.443502824858757,4.694827586206896,28.022875494071148,723.8181818181819,Macrorregião
IAG3003,AL,99,10,3,11,0,0.9180327868852459,6.617977528089888,43.24752475247525,237,Cidade
IAG3003,BA,404,8,4,7,0,1.8062297248588248,4,10.385128498935995,178,Cidade
IAG3003,CE,183,1,0,12,0.003700962250185048,8.296786758956241,17.351460039357583,32.523754494093474,701.3967065868263,Cidade
IAG3003,MA,179,23,0,11,0.02431834929992631,0.9735901788181424,2.474730737365369,11.094827586206897,240,Cidade
IAG3003,PB,209,5,0,0,0.7894736842105263,1.2352941176470589,1.2475208640157094,1.25,18.6968085106383,Cidade
IAG3003,PE,177,2,0,72,1.2285714285714286,43.71723263843363,79.61774744027304,132.92969796161287,717.8507462686567,Cidade
IAG3003,PI,181,11,0,0,0.038461538461538464,3,4.084239130434783,4.734913793103448,36,Cidade
IAG3003,RN,161,0,0,49,0.18888888888888888,19.53080568720379,50.213740458015266,121.99068322981367,723.8181818181819,Cidade
IAG3003,SE,75,0,0,0,0.7253384912959381,3,3,3,9.733333333333333,Cidade
IAG3003,Norte,361,30,10,3,0,0.212406015037594,0.8810126582278481,2,125.6924504950495,Macrorregião
IAG3003,AC,22,0,0,0,2,2,2,12,24,Cidade
IAG3003,AM,51,13,0,0,8.333333333333333e-5,0.3607142857142857,1.9,2.7291666666666665,40,Cidade
IAG3003,AP,16,6,10,0,0,0,0,0,0,Cidade
IAG3003,PA,116,10,0,2,0.005917159763313609,0.30410547396528703,1,1.66653605015674,125.6924504950495,Cidade
IAG3003,RO,51,1,0,1,0.16326530612244897,0.7409422711837215,1.499438282746671,1.9636006974716653,120,Cidade
IAG3003,RR,15,0,0,0,0.8810126582278481,3.0435185185185185,3.6578947368421053,4.70952380952381,5.931034482758621,Cidade
IAG3003,TO,90,0,0,0,0.03225806451612903,0.08840501018494785,0.26258785942492013,0.5914795950083143,7.254777070063694,Cidade
IAG3003,Sudeste,1616,79,0,135,0.006085192697768763,4.35064935064935,12.727272727272727,37.08185053380783,240,Macrorregião
IAG3003,ES,77,2,0,0,0.025,7.231884057971015,11.344626168224298,15.054335134774487,71.42857142857143,Cidade
IAG3003,MG,821,16,0,120,0.008605234851201148,6,23.688524590163933,73.84158415841584,228.51612903225808,Cidade
IAG3003,RJ,92,25,0,1,0.0425531914893617,1.9354482323232323,2.8588709677419355,13.845241408447608,125,Cidade
IAG3003,SP,626,36,0,14,0.006085192697768763,3.9088541666666665,9.837334478924493,16.26266947479268,240,Cidade
IAG3003,Sul,1157,47,7,4,0,1.332534611288605,2.095826048951049,3.0855396656681804,162.3690851735016,Macrorregião
IAG3003,PR,397,7,0,1,0.04,2.0143878299120233,2.621905712934251,3.6801396419114867,162.02915451895043,Cidade
IAG3003,RS,468,31,3,1,0,1.3076923076923077,1.879396984924623,2.5,156,Cidade
IAG3003,SC,292,9,4,2,0,0.8,1.3125,4.547727272727273,162.3690851735016,Cidade
IAG3006,Brasil,5242,58,5,151,0,87.60577482074801,100,100,7542.857142857143,Brasil
IAG3006,Centro-Oeste,440,1,0,7,3.3333333333333335,91.76040349359187,97.22222222222221,100,107.6923076923077,Macrorregião
IAG3006,DF,1,0,0,0,91.96141479099678,91.96141479099678,91.96141479099678,91.96141479099678,91.96141479099678,Cidade
IAG3006,GO,240,1,0,7,50,92.5462962962963,97.5609756097561,100,107.6923076923077,Cidade
IAG3006,MS,77,0,0,0,71.42857142857143,90.63829787234042,93.91304347826087,96.46017699115043,100,Cidade
IAG3006,MT,122,0,0,0,3.3333333333333335,89.74860335195531,100,100,100,Cidade
IAG3006,Nordeste,1668,42,5,1,0,75,92.61208576998051,100,101.19047619047619,Macrorregião
IAG3006,AL,99,1,0,0,50,88.98809523809523,96.66814420803783,100,100,Cidade
IAG3006,BA,404,6,5,0,0,64.60416666666667,76.5631784628745,89.03952205882354,100,Cidade
IAG3006,CE,183,0,0,0,10,93.97386492762215,96.53579676674366,98.87846940772005,100,Cidade
IAG3006,MA,179,26,0,0,33.33333333333333,100,100,100,100,Cidade
IAG3006,PB,209,1,0,0,5.333333333333334,79.96644295302013,89.44089194949991,95.75228832951944,100,Cidade
IAG3006,PE,177,5,0,0,3.125,53.30049261083744,67.45643307378569,79.62461300309597,100,Cidade
IAG3006,PI,181,2,0,0,10,100,100,100,100,Cidade
IAG3006,RN,161,1,0,1,20,70,82.5420168067227,100,101.19047619047619,Cidade
IAG3006,SE,75,0,0,0,95.48387096774194,100,100,100,100,Cidade
IAG3006,Norte,361,12,0,6,2.123408160923936,100,100,100,7542.857142857143,Macrorregião
IAG3006,AC,22,0,0,0,87.52362948960302,100,100,100,100,Cidade
IAG3006,AM,51,0,0,0,44.24778761061947,100,100,100,100,Cidade
IAG3006,AP,16,10,0,6,200,1225,2033.3333333333335,3448.9035087719303,7542.857142857143,Cidade
IAG3006,PA,116,0,0,0,50,100,100,100,100,Cidade
IAG3006,RO,51,1,0,0,24.517906336088156,100,100,100,100,Cidade
IAG3006,RR,15,1,0,0,2.123408160923936,100,100,100,100,Cidade
IAG3006,TO,90,0,0,0,61.111111111111114,92.41258741258741,100,100,100,Cidade
IAG3006,Sudeste,1616,2,0,1,0.3112644064944898,96.76216740718043,100,100,109.46502057613168,Macrorregião
IAG3006,ES,77,0,0,0,26.125,54.054054054054056,68.83116883116884,99.21875,100,Cidade
IAG3006,MG,821,0,0,1,15.384615384615385,100,100,100,109.46502057613168,Cidade
IAG3006,RJ,92,0,0,0,0.3112644064944898,2.613376724785077,81.95887445887446,97.2178329571106,100,Cidade
IAG3006,SP,626,2,0,0,2.564102564102564,85.22954805491992,100,100,100,Cidade
IAG3006,Sul,1157,1,0,136,16.666666666666664,90.9026159026159,99.10698336140459,100,146.15384615384613,Macrorregião
IAG3006,PR,397,0,0,0,58.333333333333336,83.33333333333334,89.2156862745098,95.45454545454545,100,Cidade
IAG3006,RS,468,0,0,135,16.666666666666664,97.82608695652173,100,101.91819031485484,146.15384615384613,Cidade
IAG3006,SC,292,1,0,1,57.14285714285714,97.34539969834087,100,100,101.86915887850468,Cidade
